insert into student (id,name) values (1,'ajay');
insert into student (id,name) values (2,'vijay');
insert into student (id,name) values (3,'sanjay');
insert into student (id,name) values (4,'prakash');
insert into student (id,name) values (5,'vishal');
insert into student (id,name) values (6,'vishwajeet');
insert into student (id,name) values (7,'surjeet');
insert into student (id,name) values (8,'anish');
insert into student (id,name) values (9,'vishwakarma');
insert into student (id,name) values (10,'surjeet');

insert into teacher (id,teacher_name) values (1,'Prakash');
insert into teacher (id,teacher_name) values (2,'Kumar');
insert into teacher (id,teacher_name) values (3,'Vishal');
insert into teacher (id,teacher_name) values (4,'Sanjay');
insert into teacher (id,teacher_name) values (5,'Digvijay');

insert into course (id,course_name,description,title,published,student_id,teacher_id) values (1,'physics','physics','KP srivastava','2002','1','1');
insert into course (id,course_name,description,title,published,student_id,teacher_id) values (2,'chemistry','chemistry','GP kumar','2003','2','2');
insert into course (id,course_name,description,title,published,student_id,teacher_id) values (3,'biology','biology','ZP singh','2004','3','3');
insert into course (id,course_name,description,title,published,student_id,teacher_id) values (4,'maths','maths','PH yadav','2005','4','4');
insert into course (id,course_name,description,title,published,student_id,teacher_id) values (5,'science','science','HC verma','2006','5','5');


